Victoria Beaumont,Victoria Beaumont,47567,24534556
Victoria Beaumont,Victoria Beaumont,567567,34534535
Steve Bilsborough,Steve Bilsborough,5675675,435345
Quite Great,Quite Great,567567,4.35E+05
Katherine Bilsborough,Katherine Bilsborough,567567,4545744
Hardyclean,Hardyclean,6775754,3454647
Hardyclean,Hardyclean,456785687,5476457
Clayden Law,Clayden Law,54678,4457565
Bond Street Properties,Bond Street Properties,4567657,43536
Bee Digital,Bee Digital,56467878,4574565
Base Media Cloud,Base Media Cloud,567567,456465
